{"cameraMode":{"drawMode":0,"name":"Shaded","section":"Shading Mode"},"sceneLighting":true,"audioPlay":false,"sceneViewState":{"m_AlwaysRefresh":false,"showFog":true,"showSkybox":true,"showFlares":true,"showImageEffects":true,"showParticleSystems":true,"showVisualEffectGraphs":true,"m_FxEnabled":true},"in2DMode":false,"pivot":{"x":-7.1655988693237309,"y":23.307830810546876,"z":-10.209771156311036},"rotation":{"x":0.28576627373695376,"y":0.6480159759521484,"z":-0.28725215792655947,"w":0.644932746887207},"size":0.8660253882408142,"orthographic":false}